path	sha256	size
review/frozen/sched_rate/configs/high/high-01.yaml	3804dd50e1df36a112e0d14f740f6d68138102e105495cdf9132b513dcb3444f	1298
review/frozen/sched_rate/configs/high/high-02.yaml	71f39d6bb1801daebb2160e8c278a7ab4e494ece91700829c4939ced08e0f296	1297
review/frozen/sched_rate/configs/high/high-03.yaml	7e8b1d0fb9c608dc1445d8997eaec7faaf18fde1474d87104533b3cb87038fb1	1295
review/frozen/sched_rate/configs/high/high-04.yaml	8cb487e6a27a8037fc542a4c42df232cab3fec34b1cb62deb65798ce3e0e2257	1298
review/frozen/sched_rate/configs/low/low-01.yaml	615d5aacfa74fa44f934cc8f2337c37244f633ecd2f7bf0142a2420863dbdd70	1294
review/frozen/sched_rate/configs/low/low-02.yaml	b93b9da18e77d5f20e6bc61413b90f31852ae50498fe5e98848d43caae6b7888	1298
review/frozen/sched_rate/configs/low/low-03.yaml	f3979a80b7bbe0c34788ca65f3c90f0742c7d84f8fd380d5eeca7d59bbf1b783	1296
review/frozen/sched_rate/configs/low/low-04.yaml	b7568a0210ed51b33cee6bb3df4bb49d8bb31acba208fd4d6f60790304842e90	1296
review/frozen/sched_rate/configs/medium/medium-01.yaml	9719768260d4571cfc3aed9751ba332781bc86f6a66c84d9856196762e3f54ec	1298
review/frozen/sched_rate/configs/medium/medium-02.yaml	1b86080aa848cb0d7144fa6549e633de3044237693db2d7ccec734c53955490a	1293
review/frozen/sched_rate/configs/medium/medium-03.yaml	18405c2134c2b54258bf50c8c2c5b60aa61ac436387a46dd381e3480f0d9517d	1297
review/frozen/sched_rate/configs/medium/medium-04.yaml	93a3c4b621ff67dc10398f4a5b46c24d54e116d3aae9437868c4fb5e1b9122ed	1298
