sha256	size	path
cc478abb8a0533f3921d0f3409c67ec22ef6fbdf2d357c3c4b36b3fd8566514c	26065	artifacts/ci/ci.yml
e5c99e04f640b28c57123581788e97ee8e3dbe751451b0be596334a01382d03d	2402	artifacts/review/03-问题台账.csv
95e20dba6de70dfc7a3c080fcff896fc7c608b34a280fa9878567d800b585d81	4394	artifacts/review/06-收口执行记录.md
c10bd14849b5841d7e43755759470b9247763415f66e7c21eb6fd5ae50d5fd3e	1080	artifacts/runtime/command_results.tsv
112d58f4f5c583d29ffe0c8f90ae9e03454c29afb434a95290c8ec54668a409a	697	artifacts/runtime/i1/ci_gate/results.tsv
6d42b4667940ca9850633ca240bd193b7324796f9dbc91bda15d6e0f775e1a72	222	artifacts/runtime/i1/sched_rate_gate/summary.txt
f48752c7679ff468e2db11a0e39d3e56a85cf65fc91597050a5585dbbdef97a1	4536	artifacts/runtime/runtime_evidence.json
a4eaacc0ebac127be7f5cbedd89fde379d7edf14240d608eccca2e0b4691a33a	2851	artifacts/scripts/i1_ci_gate.sh
97e85e026c862cd64bf4e926ab8dc2cc830161c1b9163de28fcabf4b563bbb6e	2835	artifacts/scripts/i1_freeze_sched_rate_gate.sh
f854c92f0c817ce7ca98f1c2d528f67cd7fa09f450d3becaae0e276c29f5c204	4071	artifacts/scripts/i2_freeze_delivery_baseline.sh
b79ef398d1661100c2afcef9f472c648aad69e4da2373ca6b9c58f3012241724	2006	artifacts/scripts/strict_plan_pipeline.sh
2972d32fc08b069c15586c7f924be68061b810e95de894a3cf6c53592d7f4741	1544	change_list/git_diff_name_status.txt
da243617d725bf74585fef9c1a01e504394a5cf1bcc80b02ebb7539ec02497f9	1785	change_list/git_diff_stat.txt
94e459d49aba20aa1876bc0918fcfff4cd5c816e32ef207ab289eaa004b12c52	2926	change_list/git_status_short.txt
1ca15ea599d2960937d2519435f0bb571a0e2d7cdc2b88339c4af40533729ccd	1482	manifest.tsv
803c542e44d25e8b4fdcf45335551c891d324a81d2a8da9caabc7c1fefb4b9a3	103	reproduce_commands.txt
1c5bcea6af1d381750cf939bc0017ac9858759d8418c54ba0f015f8e214ba9a2	530	snapshot_meta.json
c551b01f7f58cebf9bb97996e47430558f381de5e4662f02e38daf6a6032e96a	159	tag.txt
